,v_lc1,v_lc2,v_lc3,v_lc4
t_lc1,0.9711815561959655,0.9777227722772277,0.9527326440177253,0.9586877278250304
t_lc2,0.9481268011527377,0.9826732673267327,0.9645494830132939,0.968408262454435
t_lc3,0.9711815561959655,0.969059405940594,0.9807976366322009,0.9586877278250304
t_lc4,0.9495677233429395,0.9925742574257426,0.9689807976366323,0.9720534629404617
