,v_lc1,v_lc2,v_lc3,v_lc4
t_lc1,0.9711815561959655,0.9777227722772277,0.9527326440177253,0.9586877278250304
t_lc2,0.930835734870317,0.9789603960396039,0.9335302806499262,0.9659781287970839
t_lc3,0.9250720461095101,0.9752475247524752,0.96602658788774,0.9793438639125152
t_lc4,0.8789625360230547,0.9232673267326733,0.9010339734121122,0.9756986634264885
