,v_lc1,v_lc2,v_lc3,v_lc4
AllinOne,0.946685878962536,0.9839108910891089,0.9734121122599705,0.9732685297691372
